id,skill_kind,skill_name,skill_img
1,Application&Data,Mongoose,https://img.stackshare.io/service/1231/0TXzZU7W_400x400.jpg
2,Application&Data,JavaScript,https://img.stackshare.io/service/1209/javascript.jpeg
3,Application&Data,jQuery,https://img.stackshare.io/service/1021/lxEKmMnB_400x400.jpg
4,Application&Data,Python,https://img.stackshare.io/service/993/pUBY5pVj.png
5,Application&Data,Node.js,https://img.stackshare.io/service/1011/n1JRsFeB_400x400.png
6,Application&Data,PHP,https://img.stackshare.io/service/991/hwUcGZ41_400x400.jpg
7,Application&Data,React,https://img.stackshare.io/service/1020/OYIaJ1KK.png
8,Application&Data,nginx,https://img.stackshare.io/service/1052/YMxUfyWf.png
9,Application&Data,Java,https://img.stackshare.io/service/995/K85ZWV2F.png
10,Application&Data,HTML5,https://img.stackshare.io/service/2538/kEpgHiC9.png
11,Application&Data,MySQL,https://img.stackshare.io/service/1025/logo-mysql-170x170.png
12,Application&Data,Google Fonts,https://img.stackshare.io/service/2652/ZWREQYdH_400x400.jpg
13,Application&Data,MongoDB,https://img.stackshare.io/service/1030/leaf-360x360.png
14,Application&Data,PostgreSQL,https://img.stackshare.io/service/1028/ASOhU5xJ.png
15,Application&Data,Apache HTTP Server,https://img.stackshare.io/service/1051/fab.os.logo.apache.200.15011_400x400.jpg
16,Application&Data,Bootstrap,https://img.stackshare.io/service/1101/C9QJ7V3X.png
17,Application&Data,Ubuntu,https://img.stackshare.io/service/3511/cof_orange_hex.jpg
18,Application&Data,AngularJS,https://img.stackshare.io/service/1019/square.png
19,Application&Data,Redis,https://img.stackshare.io/service/1031/redis.png
20,Application&Data,Amazon EC2,https://img.stackshare.io/service/18/amazon-ec2.png
21,Application&Data,Amazon S3,https://img.stackshare.io/service/25/amazon-s3.png
22,Application&Data,ES6,https://img.stackshare.io/service/4109/16407404782_8b9c57eab3.jpg
23,Application&Data,TypeScript,https://img.stackshare.io/service/1612/bynNY5dJ.jpg
24,Application&Data,jQuery UI,https://img.stackshare.io/service/1022/jqueryui_avatar_96.png
25,Application&Data,Vue.js,https://img.stackshare.io/service/3837/paeckCWC.png
26,Application&Data,C#,https://img.stackshare.io/service/1015/1200px-C_Sharp_wordmark.svg.png
27,Application&Data,Sass,https://img.stackshare.io/service/1171/jCR2zNJV.png
28,Application&Data,Ruby,https://img.stackshare.io/service/989/ruby.png
29,Application&Data,Firebase,https://img.stackshare.io/service/116/cZLxNFZS.jpg
30,Application&Data,Django,https://img.stackshare.io/service/994/4aGjtNQv.png
31,Application&Data,Heroku,https://img.stackshare.io/service/133/3wgIDj3j.png
32,Application&Data,React Native,https://img.stackshare.io/service/2699/KoK6gHzp.jpg
33,Application&Data,Laravel,https://img.stackshare.io/service/992/AcA2LnWL_400x400.jpg
34,Application&Data,Android SDK,https://img.stackshare.io/service/1010/m8jf0po4imu8t5eemjdd.png
35,Application&Data,Redux,https://img.stackshare.io/service/4074/13142323.png
36,Application&Data,ExpressJS,https://img.stackshare.io/service/1163/hashtag.png
37,Application&Data,GraphQL,https://img.stackshare.io/service/3820/12972006.png
38,Application&Data,Rails,https://img.stackshare.io/service/990/x57_Lorv.png
39,Application&Data,CSS 3,https://img.stackshare.io/service/6727/css.png
40,Application&Data,ASP.NET,https://img.stackshare.io/service/6755/2c45151a4a11d3a3c8e71bb34dd069d6_400x400.png
41,Application&Data,DigitalOcean,https://img.stackshare.io/service/295/Onjxs6Lw_400x400.jpg
42,Application&Data,Spring Boot,https://img.stackshare.io/service/2927/nPzvMuo2_400x400.png
43,Application&Data,Microsoft Azure,https://img.stackshare.io/service/213/W9gT7hZo.png
44,Application&Data,AWS Lambda,https://img.stackshare.io/service/1909/aws-lambda.png
45,Application&Data,Go,https://img.stackshare.io/service/1005/O6AczwfV_400x400.png
46,Application&Data,Kafka,https://img.stackshare.io/service/1063/kazUJooF_400x400.jpg
47,Application&Data,RabbitMQ,https://img.stackshare.io/service/1061/rabbit.jpg
48,Application&Data,Flask,https://img.stackshare.io/service/1001/flask.jpg
49,Application&Data,Markdown,https://img.stackshare.io/service/1147/markdown.png
50,Application&Data,Swift,https://img.stackshare.io/service/1009/tuHsaI2U.png
51,Application&Data,Apache Tomcat,https://img.stackshare.io/service/1187/tomcat.png
52,Application&Data,Microsoft IIS,https://img.stackshare.io/service/1056/J5gFiHbG.png
53,Application&Data,Amazon RDS,https://img.stackshare.io/service/232/amazon-rds.png
54,Application&Data,Microsoft SQL Server,https://img.stackshare.io/service/1027/sql_server.png
55,Application&Data,SQLite,https://img.stackshare.io/service/1071/sqlite.jpg
56,Application&Data,Google Cloud Platform,https://img.stackshare.io/service/4240/1a61e4pu_400x400.jpg
57,Application&Data,MariaDB,https://img.stackshare.io/service/1615/mariadb-logo-400x400.png
58,Application&Data,Debian,https://img.stackshare.io/service/1656/vd4gAekh.png
59,Application&Data,CentOS,https://img.stackshare.io/service/3069/centos-icon.png
60,Application&Data,Google Compute Engine,https://img.stackshare.io/service/518/s01TMTGn.png
61,Application&Data,Amazon EC2 Container Service,https://img.stackshare.io/service/1908/amazon-ecs.png
62,Application&Data,Socket.IO,https://img.stackshare.io/service/1161/vI0ZZlhZ_400x400.png
63,Application&Data,C++,https://img.stackshare.io/service/1049/cplusplus.png
64,Application&Data,Material Design for Angular,https://img.stackshare.io/service/1523/square.png
65,Application&Data,Objective-C,https://img.stackshare.io/service/1008/xcode.png
66,Application&Data,Ionic,https://img.stackshare.io/service/876/bYMCvtHD_400x400.jpg
67,Application&Data,Google App Engine,https://img.stackshare.io/service/139/s01TMTGn.png
68,Application&Data,Scala,https://img.stackshare.io/service/1012/scala.png
69,Application&Data,Electron,https://img.stackshare.io/service/2946/XJRdVxx3.png
70,Application&Data,Animate.css,https://img.stackshare.io/service/9195/animate-css.png
71,Application&Data,.NET,https://img.stackshare.io/service/1014/IoPy1dce_400x400.png
72,Application&Data,OpenSSL,https://img.stackshare.io/service/3091/preview.png
73,Application&Data,Slick,https://img.stackshare.io/service/1843/slick.png
74,Application&Data,Backbone.js,https://img.stackshare.io/service/1017/Screen_Shot_2012-04-28_at_8.52.15_PM.png
75,Application&Data,Memcached,https://img.stackshare.io/service/1040/memcached-logo-200x152.png
76,Application&Data,Symfony,https://img.stackshare.io/service/1197/logosf_positif_03_icon.png
77,Application&Data,C,https://img.stackshare.io/no-img-open-source.png
78,Application&Data,Angular 2,https://img.stackshare.io/service/3745/cb8U-gL6_400x400.jpg
79,Application&Data,Handlebars.js,https://img.stackshare.io/service/1143/Handlebars.png
80,Application&Data,AddThis,https://img.stackshare.io/service/3421/T3VyOpzk_400x400.png
81,Application&Data,Kotlin,https://img.stackshare.io/service/3750/pCfEzr6L.png
82,Application&Data,Cassandra,https://img.stackshare.io/service/1032/cassandra_small.png
83,Application&Data,Spring,https://img.stackshare.io/service/996/unnamed.jpg
84,Application&Data,fancybox,https://img.stackshare.io/service/8986/ndGU91r2_400x400.jpg
85,Application&Data,Amazon DynamoDB,https://img.stackshare.io/service/389/amazon-dynamodb.png
86,Application&Data,Flutter,https://img.stackshare.io/service/7180/flutter-mark-square-100.png
87,Application&Data,Lodash,https://img.stackshare.io/service/2438/lodash.png
88,Application&Data,Elixir,https://img.stackshare.io/service/1974/drop.png
89,Application&Data,Typekit,https://img.stackshare.io/service/1913/New_Project__7_.png
90,Application&Data,CodeIgniter,https://img.stackshare.io/service/1195/ci_logo.png
91,Application&Data,Rust,https://img.stackshare.io/service/1070/v7txhrjp9pdqrkdtxxp0.png
92,Application&Data,CoffeeScript,https://img.stackshare.io/service/1178/slQydAMv.png
93,Application&Data,Apache Spark,https://img.stackshare.io/service/2220/ca72c4715da998b0bf5d1c857958bed3.png
94,Application&Data,Moment.js,https://img.stackshare.io/service/3643/Xrtdc94q_400x400.png
95,Application&Data,Meteor,https://img.stackshare.io/service/1162/uJPMDhZq.png
96,Application&Data,Hadoop,https://img.stackshare.io/service/1044/elephant_rgb_sq.png
97,Application&Data,AWS Elastic Beanstalk,https://img.stackshare.io/service/210/aws-elastic-beanstalk.png
98,Application&Data,Gatsby,https://ucarecdn.com/04b55b4e-0ecc-4003-a89e-98f674075b3e/
99,Application&Data,Less,https://img.stackshare.io/service/1170/3538330.png
100,Application&Data,D3.js,https://img.stackshare.io/service/1491/HgKolWB5_400x400.jpg
101,Application&Data,Amazon SQS,https://img.stackshare.io/service/395/amazon-sqs.png
102,Application&Data,Select2,https://img.stackshare.io/service/7488/select2.png
103,Application&Data,R Language,https://img.stackshare.io/service/1213/r-logo.png
104,Application&Data,Dart,https://img.stackshare.io/service/1646/Twitter-02.png
105,Application&Data,Apollo,https://img.stackshare.io/service/5508/CyUH653y.png
106,Application&Data,Underscore,https://img.stackshare.io/service/1150/underscore-js.png
107,Application&Data,Material-UI,https://img.stackshare.io/service/1904/_.png
108,Application&Data,Django REST framework,https://img.stackshare.io/service/1630/New_Project__67_.png
109,Application&Data,Next.js,https://img.stackshare.io/service/5936/nextjs.png
110,Application&Data,Foundation,https://img.stackshare.io/service/1105/ocLJW3ku_400x400.jpg
111,Application&Data,.NET Core,https://img.stackshare.io/service/6403/9141961.png
112,Application&Data,Celery,https://img.stackshare.io/service/1075/celery.png
113,Application&Data,OpenResty,https://img.stackshare.io/service/3118/openresty.png
114,Application&Data,Perl,https://img.stackshare.io/service/1048/perl.png
115,Application&Data,Oracle,https://img.stackshare.io/service/1026/jT-HJYJg.png
116,Application&Data,Prototype,https://img.stackshare.io/service/3597/o_bigger_400x400.png
117,Application&Data,Linux,https://img.stackshare.io/service/10483/linux.png
118,Application&Data,Xamarin,https://img.stackshare.io/service/211/RDXWoY7W.png
119,Application&Data,React Router,https://img.stackshare.io/service/3350/8261421.png
120,Application&Data,Clojure,https://img.stackshare.io/service/1003/Clojure_300x300.png
121,Application&Data,Pug,https://img.stackshare.io/service/1175/pug.png
122,Application&Data,Ember.js,https://img.stackshare.io/service/1018/3s1seyc0csl75btyw1vl.png
123,Application&Data,Amazon VPC,https://img.stackshare.io/service/388/amazon-vpc.png
124,Application&Data,Semantic UI,https://img.stackshare.io/service/1106/semantic-ui.png
125,Application&Data,Quantcast,https://img.stackshare.io/service/4374/SiHaeog__400x400.jpg
126,Application&Data,Amazon ElastiCache,https://img.stackshare.io/service/392/amazon-elasticache.png
127,Application&Data,Google Cloud Storage,https://img.stackshare.io/service/694/Cloud_Storage.png
128,Application&Data,Gravity Forms,https://img.stackshare.io/service/9006/w8NDcWwU_400x400.png
129,Application&Data,Red Hat OpenShift,https://img.stackshare.io/service/197/854d85d0c77271af224b455f81b5fc88.png
130,Application&Data,Amazon Redshift,https://img.stackshare.io/service/386/amazon-redshift.png
131,Application&Data,LiteSpeed,https://img.stackshare.io/service/2873/9lxca5AK_400x400.jpg
132,Application&Data,YUI Library,https://img.stackshare.io/service/3372/yui.jpg
133,Application&Data,Airflow,https://img.stackshare.io/service/3130/airflow.png
134,Application&Data,JSON,https://img.stackshare.io/service/2880/1024px-JSON_vector_logo.svg.png
135,Application&Data,Mustache,https://img.stackshare.io/service/1142/197655.png
136,Application&Data,Passenger,https://img.stackshare.io/service/1054/icon.png
137,Application&Data,jQuery Mobile,https://img.stackshare.io/service/1023/80508321d8ce3ba8aa264380bb7eba33_400x400.png
138,Application&Data,Highcharts,https://img.stackshare.io/service/1435/Vx4_Psj1.png
139,Application&Data,Sidekiq,https://img.stackshare.io/service/1078/4b7277462dadad85454ab427ce3f0ca7.png
140,Application&Data,Pandas,https://img.stackshare.io/service/2180/1284191.png
141,Application&Data,Hibernate,https://img.stackshare.io/service/1756/1uNl_IZX.png
142,Application&Data,Materialize,https://img.stackshare.io/service/2015/GN559Lfb.png
143,Application&Data,Hugo,https://img.stackshare.io/service/1158/hugo-icon.png
144,Application&Data,Groovy,https://img.stackshare.io/service/997/6d180ca6647e7f690c2615a86e7c2843.png
145,Application&Data,Neo4j,https://img.stackshare.io/service/1482/FbkjM42a.png
146,Application&Data,Plesk,https://img.stackshare.io/service/1663/x65RF1Rg_400x400.png
147,Application&Data,Vuetify,https://img.stackshare.io/service/6163/PzNbCwXH.jpg
148,Application&Data,Google BigQuery,https://img.stackshare.io/service/695/BigQuery.png
149,Application&Data,Haskell,https://img.stackshare.io/service/1069/oCgm29k9.png
150,Application&Data,iOS,https://img.stackshare.io/service/2886/ios-logo.png
151,Application&Data,Google Kubernetes Engine,https://img.stackshare.io/service/1587/s01TMTGn.png
152,Application&Data,Nuxt.js,https://img.stackshare.io/service/7304/23360933.png
153,Application&Data,vuex,https://img.stackshare.io/service/6705/6128107.png
154,Application&Data,ASP.NET Core,https://img.stackshare.io/service/11331/asp.net-core.png
155,Application&Data,Serverless,https://img.stackshare.io/service/5095/serverless-logo.png
156,Application&Data,Create React App,https://img.stackshare.io/service/5537/oi64YzXY.jpg
157,Application&Data,InfluxDB,https://img.stackshare.io/service/1396/fc3a45a16c93d59408e04097e8bef1e8.png
158,Application&Data,Apache Cordova,https://img.stackshare.io/service/1716/cordova_256.png
159,Application&Data,Gunicorn,https://img.stackshare.io/service/1091/gunicorn.png
160,Application&Data,Akka,https://img.stackshare.io/service/1773/bxLhidly.png
161,Application&Data,Elementor,https://img.stackshare.io/service/9785/ANnL6CuP_400x400.jpg
162,Application&Data,Phoenix Framework,https://img.stackshare.io/service/3262/-s9uoLIN.png
163,Application&Data,Chart.js,https://img.stackshare.io/service/3866/_GD1-XrU_400x400.jpg
164,Application&Data,Lua,https://img.stackshare.io/service/2118/128px-Lua-Logo.svg.png
165,Application&Data,Ant Design,https://img.stackshare.io/service/6112/12101536.png
166,Application&Data,NativeScript,https://img.stackshare.io/service/2605/_fBe-iYT.jpeg
167,Application&Data,PowerShell,https://img.stackshare.io/service/3681/powershell-logo.png
168,Application&Data,Ionicons,https://img.stackshare.io/service/5368/icon.png
169,Application&Data,Linode,https://img.stackshare.io/service/24/631d437cd8e04903f69766a85d8a5540.png
170,Application&Data,Prettier,https://img.stackshare.io/service/7035/icon.png
171,Application&Data,NumPy,https://img.stackshare.io/service/2179/preview.jpeg
172,Application&Data,DataTables,https://img.stackshare.io/service/5693/7730351a5c782c7e25523388bfa8e393_400x400.jpeg
173,Application&Data,MooTools,https://img.stackshare.io/service/5991/mootools.twitter_400x400.png
174,Application&Data,NestJS,https://img.stackshare.io/service/8747/4zsOyxko_400x400.jpg
175,Application&Data,Amazon EBS,https://img.stackshare.io/service/231/amazon-ebs.png
176,Application&Data,Pusher,https://img.stackshare.io/service/115/preview.png
177,Application&Data,PhoneGap,https://img.stackshare.io/service/777/NgaEDjHt.jpg
178,Application&Data,Play,https://img.stackshare.io/service/1013/HqN22PuY.png
179,Application&Data,Unity,https://img.stackshare.io/service/2084/CGKUrcD9_400x400.jpg
180,Application&Data,gRPC,https://img.stackshare.io/service/4670/Tb-g6Nu3_400x400.jpg
181,Application&Data,Erlang,https://img.stackshare.io/service/1004/cbdf77412da183e43d41c0c0f9a7005a.jpeg
182,Application&Data,RxJS,https://img.stackshare.io/service/1796/984368.png
183,Application&Data,Amazon RDS for PostgreSQL,https://img.stackshare.io/service/434/amazon-rds.png
184,Application&Data,Sequelize,https://img.stackshare.io/service/3211/3591786.png
185,Application&Data,Adobe XD,https://img.stackshare.io/service/5602/adobe-xd-logo.png
186,Application&Data,Elm,https://img.stackshare.io/service/4009/cZHhsF-c_normal.png
187,Application&Data,Composer,https://img.stackshare.io/service/1688/New_Project__65_.png
188,Application&Data,ActiveMQ,https://img.stackshare.io/service/1062/vlz__1_.png
189,Application&Data,React Redux,https://img.stackshare.io/service/7374/react-redux.png
190,Application&Data,styled-components,https://img.stackshare.io/service/6749/styled-components.png
191,Application&Data,Angular CLI,https://img.stackshare.io/service/5527/9kVhSQ9y_400x400.jpg
192,Application&Data,Sinatra,https://img.stackshare.io/service/999/logo.png
193,Application&Data,MongoDB Atlas,https://img.stackshare.io/service/5739/atlas-360x360.png
194,Application&Data,Material Design Lite,https://img.stackshare.io/service/3318/I7ZBJ4-L.png
195,Application&Data,GNU Bash,https://img.stackshare.io/service/1673/bash-icon.png
196,Application&Data,Azure Storage,https://img.stackshare.io/service/2099/azure-storage.png
197,Application&Data,Metabase,https://img.stackshare.io/service/3860/4unoiuHt_400x400.jpg
198,Application&Data,UIkIt,https://img.stackshare.io/service/1107/2247444e82685c05034fc296fc331472.png
199,Application&Data,Material Design,https://img.stackshare.io/service/3994/guidelines-icon-192x192.png
200,Application&Data,Unicorn,https://img.stackshare.io/service/1053/unicorn.png
